{"cameraMode":{"drawMode":0,"name":"Shaded","section":"Shading Mode"},"sceneLighting":true,"audioPlay":false,"sceneViewState":{"m_AlwaysRefresh":false,"showFog":true,"showSkybox":true,"showFlares":true,"showImageEffects":true,"showParticleSystems":true,"showVisualEffectGraphs":true,"m_FxEnabled":true},"in2DMode":false,"pivot":{"x":140.0513458251953,"y":1.3690032958984376,"z":48.71759033203125},"rotation":{"x":-0.0015888819471001626,"y":0.9940333366394043,"z":-0.10808653384447098,"w":-0.014612464234232903},"size":659.7129516601563,"orthographic":false}